disease,accuracy,precision,recall,f1_score
ckd,0.785,0.7857142857142858,0.785,0.784865540963102
diabetes,0.8125,0.8126954346466542,0.8125,0.812470698546648
flu,0.8775,0.8775094377359435,0.8775,0.8774992343702146
heart,0.7575,0.7578158243848714,0.7575,0.7574257116241848
parkinsons,0.8575,0.8577235772357724,0.8575,0.8574777308954523
pneumonia,0.8775,0.8782659886269696,0.8775,0.8774379529636878
